{"cameraMode":{"drawMode":0,"name":"Shaded","section":"Shading Mode"},"sceneLighting":false,"audioPlay":false,"sceneViewState":{"showFog":true,"showMaterialUpdate":false,"showSkybox":true,"showFlares":true,"showImageEffects":true,"showParticleSystems":true,"showVisualEffectGraphs":true,"m_FxEnabled":true},"in2DMode":false,"pivot":{"x":-0.038650378584861758,"y":-108.58158874511719,"z":197.131103515625},"rotation":{"x":-0.24819046258926392,"y":0.0005782719817943871,"z":-0.00014860644296277314,"w":-0.9687177538871765},"size":117.16986083984375,"orthographic":false}