{"cameraMode":{"drawMode":0,"name":"Shaded","section":"Shading Mode"},"sceneLighting":false,"audioPlay":false,"sceneViewState":{"showFog":false,"showMaterialUpdate":false,"showSkybox":false,"showFlares":false,"showImageEffects":false,"showParticleSystems":false,"showVisualEffectGraphs":true,"m_FxEnabled":true},"in2DMode":false,"pivot":{"x":5.960464477539063e-8,"y":0.869835615158081,"z":0.008967667818069458},"rotation":{"x":-0.022071247920393945,"y":0.9778521060943604,"z":-0.14060379564762116,"w":-0.1534930020570755},"size":1.2088127136230469,"orthographic":false}